{
  "cots_pred": {
    "time": [1980, 1981, 1982, 1983, 1984, 1985, 1986, 1987, 1988, 1989, 1990, 1991, 1992, 1993, 1994, 1995, 1996, 1997, 1998, 1999, 2000, 2001, 2002, 2003, 2004, 2005],
    "residuals": [0, -353.3885, 0.7268, -242863.1455, 0.8281, -166547546.2972, 0.758, -114212586713.3703, 0.4762, -78323068787522.938, 0.9107, -53711270191781456, 0.6446, -3.683334412548071e+19, 0.4766, -2.5259042182802019e+22, 0.3635, -1.7321783485610813e+25, 0.6173, -1.1878684114422553e+28, 0.256, -8.1459935351027161e+30, 0.3362, -5.5862425530254974e+33, 0.3221, -3.8308532564824007e+36],
    "observed": [0.2615, 0.5498, 0.7268, 0.5523, 0.8281, 0.547, 0.758, 0.6288, 0.4762, 0.6466, 0.9107, 2.152, 0.6446, 1.6723, 0.4766, 0.8075, 0.3635, 0.3728, 0.6173, 0.3107, 0.256, 0.2984, 0.3362, 0.2878, 0.3221, 0.4308],
    "predicted": [0.2615, 353.9383, 1e-08, 242863.6978, 1e-08, 166547546.8442, 1e-08, 114212586713.9991, 1e-08, 78323068787523.578, 1e-08, 53711270191781456, 1e-08, 3.683334412548071e+19, 1e-08, 2.5259042182802019e+22, 1e-08, 1.7321783485610813e+25, 1e-08, 1.1878684114422553e+28, 1e-08, 8.1459935351027161e+30, 1e-08, 5.5862425530254974e+33, 1e-08, 3.8308532564824007e+36]
  },
  "slow_pred": {
    "time": [1980, 1981, 1982, 1983, 1984, 1985, 1986, 1987, 1988, 1989, 1990, 1991, 1992, 1993, 1994, 1995, 1996, 1997, 1998, 1999, 2000, 2001, 2002, 2003, 2004, 2005],
    "residuals": [0, 2.2317, -7818.9666, -7854.4461, -5379023.5136, -5400591.1759, -3688760765.2038, -3703562928.7647, -2529625439593.2334, -2539776263845.3525, -1734730234327276, -1741691320926571.5, -1.1896184070439447e+18, -1.1943920811217032e+18, -8.1579944038189e+20, -8.1907306208960892e+20, -5.5944723365634691e+23, -5.6169217097520973e+23, -3.8364969593412233e+26, -3.8518919683422318e+26, -2.6309378317662307e+29, -2.6414952001234546e+29, -1.8042067928049036e+32, -1.8114466733806676e+32, -1.2372630443411374e+35, -1.2422279057514584e+35],
    "observed": [10.0694, 17.7236, 23.8276, 19.4181, 15.6354, 32.4596, 21.5567, 34.1938, 18.8708, 27.3176, 44.3301, 13.3275, 11.3741, 8.3362, 15.207, 12.443, 11.0666, 10.6442, 2.3628, 2.76, 3.7236, 7.0355, 10.2239, 8.4754, 9.0819, 13.7314],
    "predicted": [10.0694, 15.4919, 7842.7942, 7873.8643, 5379039.149, 5400623.6355, 3688760786.7605, 3703562962.9585, 2529625439612.104, 2539776263872.6699, 1734730234327320.2, 1741691320926584.8, 1.1896184070439447e+18, 1.1943920811217032e+18, 8.1579944038189e+20, 8.1907306208960892e+20, 5.5944723365634691e+23, 5.6169217097520973e+23, 3.8364969593412233e+26, 3.8518919683422318e+26, 2.6309378317662307e+29, 2.6414952001234546e+29, 1.8042067928049036e+32, 1.8114466733806676e+32, 1.2372630443411374e+35, 1.2422279057514584e+35]
  },
  "fast_pred": {
    "time": [1980, 1981, 1982, 1983, 1984, 1985, 1986, 1987, 1988, 1989, 1990, 1991, 1992, 1993, 1994, 1995, 1996, 1997, 1998, 1999, 2000, 2001, 2002, 2003, 2004, 2005],
    "residuals": [0, -1.5111, -7832.1971, -7888.6433, -5379076.2509, -5417935.7277, -3688795567.9896, -3715442979.7889, -2529649297960.1455, -2547923177621.771, -1734746595571768.8, -1747278194542093.5, -1.1896296270233897e+18, -1.1982233671391726e+18, -8.1580713465838934e+20, -8.2170042643643433e+20, -5.5945251012687314e+23, -5.6349392719479072e+23, -3.8365331435636344e+26, -3.8642477935962412e+26, -2.6309626456630386e+29, -2.6499684006623768e+29, -1.8042238093229824e+32, -1.8172573032574141e+32, -1.2372747136847214e+35, -1.246212636126886e+35],
    "observed": [12.7726, 16.4147, 12.7773, 12.2798, 15.1152, 12.8194, 10.4631, 9.7251, 13.2014, 16.4512, 11.1393, 18.0832, 11.5223, 8.51, 9.1622, 5.3353, 8.6044, 7.2781, 2.629, 4.6951, 1.5948, 5.2172, 2.6041, 3.3618, 7.3289, 4.4014],
    "predicted": [12.7726, 17.9259, 7844.9743, 7900.9231, 5379091.366, 5417948.5471, 3688795578.4527, 3715442989.514, 2529649297973.3467, 2547923177638.2222, 1734746595571780, 1747278194542111.5, 1.1896296270233897e+18, 1.1982233671391726e+18, 8.1580713465838934e+20, 8.2170042643643433e+20, 5.5945251012687314e+23, 5.6349392719479072e+23, 3.8365331435636344e+26, 3.8642477935962412e+26, 2.6309626456630386e+29, 2.6499684006623768e+29, 1.8042238093229824e+32, 1.8172573032574141e+32, 1.2372747136847214e+35, 1.246212636126886e+35]
  }
}
