{
  "iterations": {
    "1": {
      "status": "SUCCESS",
      "objective_value": 1.4175,
      "model_summary": [
        "            Length Class  Mode     ",
        "par         6      -none- numeric  ",
        "objective   1      -none- numeric  ",
        "convergence 1      -none- numeric  ",
        "iterations  1      -none- numeric  ",
        "evaluations 2      -none- numeric  ",
        "message     1      -none- character"
      ],
      "model_report": {
        "coral_loss_rate": 2.9006e-134,
        "cots_pred": [
          0.2615,
          0.3647,
          0.6409,
          0.2552,
          0.3234,
          0.5001,
          0.4904,
          0.4226,
          0.4043,
          1.7009,
          1.38,
          2.5754,
          3.3149,
          2.3415,
          0.1512,
          0.2646,
          0.5966,
          1.6536,
          1.0616,
          0.7827,
          0.3309,
          0.2862,
          0.3084,
          0.432,
          0.2557,
          0.2387
        ],
        "sat_coef": 4.1427527866832384e+131,
        "fast_pred": [
          12.7726,
          12.6331,
          12.4411,
          12.1108,
          11.9817,
          11.8201,
          11.5744,
          11.3385,
          11.1391,
          10.9516,
          10.1967,
          9.6227,
          8.6364,
          7.5142,
          6.8105,
          6.7674,
          6.6927,
          6.5271,
          6.0892,
          5.8238,
          5.6355,
          5.5577,
          5.4913,
          5.4207,
          5.3232,
          5.2664
        ],
        "growth_rate": 0.4139,
        "slow_pred": [
          10.0694,
          10.0077,
          9.9224,
          9.7741,
          9.7157,
          9.6422,
          9.5296,
          9.4205,
          9.3275,
          9.2393,
          8.8775,
          8.5944,
          8.09,
          7.484,
          7.0836,
          7.0585,
          7.0148,
          6.9172,
          6.6537,
          6.4898,
          6.3716,
          6.3223,
          6.2799,
          6.2346,
          6.1717,
          6.1347
        ],
        "feeding_rate_fast": 1.447637473615562e+132,
        "feeding_rate_slow": 8.09691697406968e+131
      },
      "plot_data": {
        "cots_pred": {
          "Year": [
            1980,
            1981,
            1982,
            1983,
            1984,
            1985,
            1986,
            1987,
            1988,
            1989,
            1990,
            1991,
            1992,
            1993,
            1994,
            1995,
            1996,
            1997,
            1998,
            1999,
            2000,
            2001,
            2002,
            2003,
            2004,
            2005
          ],
          "Modeled": [
            0.2615,
            0.3647,
            0.6409,
            0.2552,
            0.3234,
            0.5001,
            0.4904,
            0.4226,
            0.4043,
            1.7009,
            1.38,
            2.5754,
            3.3149,
            2.3415,
            0.1512,
            0.2646,
            0.5966,
            1.6536,
            1.0616,
            0.7827,
            0.3309,
            0.2862,
            0.3084,
            0.432,
            0.2557,
            0.2387
          ],
          "Observed": [
            0.2615,
            0.5498,
            0.7268,
            0.5523,
            0.8281,
            0.547,
            0.758,
            0.6288,
            0.4762,
            0.6466,
            0.9107,
            2.152,
            0.6446,
            1.6723,
            0.4766,
            0.8075,
            0.3635,
            0.3728,
            0.6173,
            0.3107,
            0.256,
            0.2984,
            0.3362,
            0.2878,
            0.3221,
            0.4308
          ]
        },
        "slow_pred": {
          "Year": [
            1980,
            1981,
            1982,
            1983,
            1984,
            1985,
            1986,
            1987,
            1988,
            1989,
            1990,
            1991,
            1992,
            1993,
            1994,
            1995,
            1996,
            1997,
            1998,
            1999,
            2000,
            2001,
            2002,
            2003,
            2004,
            2005
          ],
          "Modeled": [
            10.0694,
            10.0077,
            9.9224,
            9.7741,
            9.7157,
            9.6422,
            9.5296,
            9.4205,
            9.3275,
            9.2393,
            8.8775,
            8.5944,
            8.09,
            7.484,
            7.0836,
            7.0585,
            7.0148,
            6.9172,
            6.6537,
            6.4898,
            6.3716,
            6.3223,
            6.2799,
            6.2346,
            6.1717,
            6.1347
          ],
          "Observed": [
            10.0694,
            17.7236,
            23.8276,
            19.4181,
            15.6354,
            32.4596,
            21.5567,
            34.1938,
            18.8708,
            27.3176,
            44.3301,
            13.3275,
            11.3741,
            8.3362,
            15.207,
            12.443,
            11.0666,
            10.6442,
            2.3628,
            2.76,
            3.7236,
            7.0355,
            10.2239,
            8.4754,
            9.0819,
            13.7314
          ]
        },
        "fast_pred": {
          "Year": [
            1980,
            1981,
            1982,
            1983,
            1984,
            1985,
            1986,
            1987,
            1988,
            1989,
            1990,
            1991,
            1992,
            1993,
            1994,
            1995,
            1996,
            1997,
            1998,
            1999,
            2000,
            2001,
            2002,
            2003,
            2004,
            2005
          ],
          "Modeled": [
            12.7726,
            12.6331,
            12.4411,
            12.1108,
            11.9817,
            11.8201,
            11.5744,
            11.3385,
            11.1391,
            10.9516,
            10.1967,
            9.6227,
            8.6364,
            7.5142,
            6.8105,
            6.7674,
            6.6927,
            6.5271,
            6.0892,
            5.8238,
            5.6355,
            5.5577,
            5.4913,
            5.4207,
            5.3232,
            5.2664
          ],
          "Observed": [
            12.7726,
            16.4147,
            12.7773,
            12.2798,
            15.1152,
            12.8194,
            10.4631,
            9.7251,
            13.2014,
            16.4512,
            11.1393,
            18.0832,
            11.5223,
            8.51,
            9.1622,
            5.3353,
            8.6044,
            7.2781,
            2.629,
            4.6951,
            1.5948,
            5.2172,
            2.6041,
            3.3618,
            7.3289,
            4.4014
          ]
        }
      },