{
  "iterations": {
    "1": {
      "status": "SUCCESS",
      "objective_value": 7.173486752889883e+50,
      "model_summary": [
        "            Length Class  Mode     ",
        "par         6      -none- numeric  ",
        "objective   1      -none- numeric  ",
        "convergence 1      -none- numeric  ",
        "iterations  1      -none- numeric  ",
        "evaluations 2      -none- numeric  ",
        "message     1      -none- character"
      ],
      "model_report": {
        "sigma": 0.72,
        "fast_pred": [
          12.7726,
          302.7396,
          4933.2339,
          237511.611,
          6333257.2496,
          131348447.2111,
          4378014941.7145,
          158896050349.7747,
          5413906069363.798,
          248623507322055.22,
          8558405771112975,
          3.331841756345814e+17,
          9.807840936801294e+18,
          3.662037199149056e+20,
          2.113184534369234e+22,
          3.815399926331873e+23,
          3.348938736356692e+24,
          151657747145258.12,
          6718906038724043,
          2.8322735936124086e+17,
          1.4463893242293823e+19,
          5.6758571739639205e+20,
          1.9335009078386518e+22,
          5.15518576601442e+23,
          2.405489581128889e+25,
          9.086630188765284e+26
        ],
        "slow_pred": [
          10.0694,
          178.9937,
          2187.4849,
          78984.7257,
          1579538.8716,
          24568183.801,
          614144079.2642,
          16716719391.0206,
          427162959854.7918,
          14711941172593.094,
          380315958756258.7,
          11111101137391046,
          2.4574089788927837e+17,
          6.891773565191434e+18,
          2.984716232067531e+20,
          4.0429918676700774e+21,
          2.6618899521007962e+22,
          904127682764.7308,
          30041891444456.73,
          949769290056689.1,
          36376230347103016,
          1.0705604211820398e+18,
          2.73508095775424e+19,
          5.469096993330414e+20,
          1.913903323124979e+22,
          5.4220614464629814e+23
        ]
      },
      "plot_data": {
        "slow_pred": {
          "Year": [
            1980,
            1981,
            1982,
            1983,
            1984,
            1985,
            1986,
            1987,
            1988,
            1989,
            1990,
            1991,
            1992,
            1993,
            1994,
            1995,
            1996,
            1997,
            1998,
            1999,
            2000,
            2001,
            2002,
            2003,
            2004,
            2005
          ],
          "Modeled": [
            10.0694,
            178.9937,
            2187.4849,
            78984.7257,
            1579538.8716,
            24568183.801,
            614144079.2642,
            16716719391.0206,
            427162959854.7918,
            14711941172593.094,
            380315958756258.7,
            11111101137391046,
            2.4574089788927837e+17,
            6.891773565191434e+18,
            2.984716232067531e+20,
            4.0429918676700774e+21,
            2.6618899521007962e+22,
            904127682764.7308,
            30041891444456.73,
            949769290056689.1,
            36376230347103016,
            1.0705604211820398e+18,
            2.73508095775424e+19,
            5.469096993330414e+20,
            1.913903323124979e+22,
            5.4220614464629814e+23
          ],
          "Observed": [
            10.0694,
            17.7236,
            23.8276,
            19.4181,
            15.6354,
            32.4596,
            21.5567,
            34.1938,
            18.8708,
            27.3176,
            44.3301,
            13.3275,
            11.3741,
            8.3362,
            15.207,
            12.443,
            11.0666,
            10.6442,
            2.3628,
            2.76,
            3.7236,
            7.0355,
            10.2239,
            8.4754,
            9.0819,
            13.7314
          ]
        },
        "fast_pred": {
          "Year": [
            1980,
            1981,
            1982,
            1983,
            1984,
            1985,
            1986,
            1987,
            1988,
            1989,
            1990,
            1991,
            1992,
            1993,
            1994,
            1995,
            1996,
            1997,
            1998,
            1999,
            2000,
            2001,
            2002,
            2003,
            2004,
            2005
          ],
          "Modeled": [
            12.7726,
            302.7396,
            4933.2339,
            237511.611,
            6333257.2496,
            131348447.2111,
            4378014941.7145,
            158896050349.7747,
            5413906069363.798,
            248623507322055.22,
            8558405771112975,
            3.331841756345814e+17,
            9.807840936801294e+18,
            3.662037199149056e+20,
            2.113184534369234e+22,
            3.815399926331873e+23,
            3.348938736356692e+24,
            151657747145258.12,
            6718906038724043,
            2.8322735936124086e+17,
            1.4463893242293823e+19,
            5.6758571739639205e+20,
            1.9335009078386518e+22,
            5.15518576601442e+23,
            2.405489581128889e+25,
            9.086630188765284e+26
          ],
          "Observed": [
            12.7726,
            16.4147,
            12.7773,
            12.2798,
            15.1152,
            12.8194,
            10.4631,
            9.7251,
            13.2014,
            16.4512,
            11.1393,
            18.0832,
            11.5223,
            8.51,
            9.1622,
            5.3353,
            8.6044,
            7.2781,
            2.629,
            4.6951,
            1.5948,
            5.2172,
            2.6041,
            3.3618,
            7.3289,
            4.4014
          ]
        }
      },