{
    "file_name": "timeseries_data_COTS.csv",
    "general_information": {
        "shape": {
            "rows": 26,
            "columns": 6
        },
        "columns_and_data_types": {
            "Year": "int64",
            "cots_dat (Adult Class Crown-of-thorns starfish abundance in individuals/m2)": "float64",
            "slow_dat (Slow-growing coral (Faviidae spp. and Porities spp.) cover in %)": "float64",
            "fast_dat (Fast-growing coral (Acropora spp.) cover in %)": "float64",
            "sst_dat (Sea-Surface Temperature in Celsius)": "float64",
            "cotsimm_dat (Crown-of-thorns immigration rate in individuals/m2/year)": "float64"
        }
    },
    "summary_statistics": {
        "Year": {
            "count": 26.0,
            "mean": 1992.5,
            "std": 7.648529270389178,
            "min": 1980.0,
            "25%": 1986.25,
            "50%": 1992.5,
            "75%": 1998.75,
            "max": 2005.0
        },
        "cots_dat (Adult Class Crown-of-thorns starfish abundance in individuals/m2)": {
            "count": 26.0,
            "mean": 0.6243959307692306,
            "std": 0.42929574170175666,
            "min": 0.2560048,
            "25%": 0.3430518,
            "50%": 0.5484137,
            "75%": 0.706750925,
            "max": 2.151993
        },
        "slow_dat (Slow-growing coral (Faviidae spp. and Porities spp.) cover in %)": {
            "count": 26.0,
            "mean": 15.584459461538462,
            "std": 10.133882727524258,
            "min": 2.362755,
            "25%": 9.328755,
            "50%": 12.885261,
            "75%": 19.2812865,
            "max": 44.330127
        },
        "fast_dat (Fast-growing coral (Acropora spp.) cover in %)": {
            "count": 26.0,
            "mean": 9.364877576923076,
            "std": 4.706425947486132,
            "min": 1.594753,
            "25%": 5.246704,
            "50%": 9.4436765,
            "75%": 12.77612025,
            "max": 18.083162
        },
        "sst_dat (Sea-Surface Temperature in Celsius)": {
            "count": 26.0,
            "mean": 26.86538461538461,
            "std": 1.8445470571806635,
            "min": 23.2,
            "25%": 25.725,
            "50%": 26.65,
            "75%": 28.025000000000002,
            "max": 31.4
        },
        "cotsimm_dat (Crown-of-thorns immigration rate in individuals/m2/year)": {
            "count": 26.0,
            "mean": 0.14615384615384613,
            "std": 0.4356427611984565,
            "min": 0.0,
            "25%": 0.0,
            "50%": 0.0,
            "75%": 0.0,
            "max": 1.6
        }
    },
    "time_series_endpoints": {
        "Year": {
            "initial_value": 