{
  "iterations": {
    "1": {
      "status": "SUCCESS",
      "objective_value": 1.6366,
      "model_summary": [
        "            Length Class  Mode     ",
        "par         5      -none- numeric  ",
        "objective   1      -none- numeric  ",
        "convergence 1      -none- numeric  ",
        "iterations  1      -none- numeric  ",
        "evaluations 2      -none- numeric  ",
        "message     1      -none- character"
      ],
      "model_report": {
        "coral_loss_rate": 3.627e-71,
        "cots_pred": [
          0.2615,
          0.2199,
          0.1849,
          0.1554,
          0.1307,
          0.1099,
          0.0924,
          0.0777,
          0.0653,
          1.5549,
          1.3073,
          2.6992,
          2.9694,
          2.4966,
          2.099,
          1.7648,
          1.4838,
          1.2475,
          1.0489,
          0.8819,
          0.7415,
          0.6234,
          0.5241,
          0.4407,
          0.3705,
          0.3115
        ],
        "sat_coef": 5.222746039743988e+75,
        "fast_pred": [
          12.7726,
          12.6004,
          12.4574,
          12.3384,
          12.2393,
          12.1565,
          12.0874,
          12.0296,
          11.9812,
          11.9406,
          11.0147,
          10.292,
          8.9465,
          7.6685,
          6.7364,
          6.0409,
          5.5121,
          5.1035,
          4.7835,
          4.53,
          4.3273,
          4.1639,
          4.0313,
          3.9231,
          3.8344,
          3.7613
        ],
        "growth_rate": 0.8408,
        "slow_pred": [
          10.0694,
          10.0377,
          10.0112,
          9.989,
          9.9703,
          9.9546,
          9.9415,
          9.9304,
          9.9211,
          9.9133,
          9.7295,
          9.5776,
          9.2714,
          8.9459,
          8.681,
          8.4645,
          8.2865,
          8.1398,
          8.0185,
          7.9179,
          7.8343,
          7.7647,
          7.7066,
          7.6582,
          7.6177,
          7.5838
        ],
        "feeding_rate_fast": 1.4311948884832487e+69,
        "feeding_rate_slow": 3.318766375893323e+68
      },
      "plot_data": {
        "cots_pred": {
          "Year": [
            1980,
            1981,
            1982,
            1983,
            1984,
            1985,
            1986,
            1987,
            1988,
            1989,
            1990,
            1991,
            1992,
            1993,
            1994,
            1995,
            1996,
            1997,
            1998,
            1999,
            2000,
            2001,
            2002,
            2003,
            2004,
            2005
          ],
          "Modeled": [
            0.2615,
            0.2199,
            0.1849,
            0.1554,
            0.1307,
            0.1099,
            0.0924,
            0.0777,
            0.0653,
            1.5549,
            1.3073,
            2.6992,
            2.9694,
            2.4966,
            2.099,
            1.7648,
            1.4838,
            1.2475,
            1.0489,
            0.8819,
            0.7415,
            0.6234,
            0.5241,
            0.4407,
            0.3705,
            0.3115
          ],
          "Observed": [
            0.2615,
            0.5498,
            0.7268,
            0.5523,
            0.8281,
            0.547,
            0.758,
            0.6288,
            0.4762,
            0.6466,
            0.9107,
            2.152,
            0.6446,
            1.6723,
            0.4766,
            0.8075,
            0.3635,
            0.3728,
            0.6173,
            0.3107,
            0.256,
            0.2984,
            0.3362,
            0.2878,
            0.3221,
            0.4308
          ]
        },
        "slow_pred": {
          "Year": [
            1980,
            1981,
            1982,
            1983,
            1984,
            1985,
            1986,
            1987,
            1988,
            1989,
            1990,
            1991,
            1992,
            1993,
            1994,
            1995,
            1996,
            1997,
            1998,
            1999,
            2000,
            2001,
            2002,
            2003,
            2004,
            2005
          ],
          "Modeled": [
            10.0694,
            10.0377,
            10.0112,
            9.989,
            9.9703,
            9.9546,
            9.9415,
            9.9304,
            9.9211,
            9.9133,
            9.7295,
            9.5776,
            9.2714,
            8.9459,
            8.681,
            8.4645,
            8.2865,
            8.1398,
            8.0185,
            7.9179,
            7.8343,
            7.7647,
            7.7066,
            7.6582,
            7.6177,
            7.5838
          ],
          "Observed": [
            10.0694,
            17.7236,
            23.8276,
            19.4181,
            15.6354,
            32.4596,
            21.5567,
            34.1938,
            18.8708,
            27.3176,
            44.3301,
            13.3275,
            11.3741,
            8.3362,
            15.207,
            12.443,
            11.0666,
            10.6442,
            2.3628,
            2.76,
            3.7236,
            7.0355,
            10.2239,
            8.4754,
            9.0819,
            13.7314
          ]
        },
        "fast_pred": {
          "Year": [
            1980,
            1981,
            1982,
            1983,
            1984,
            1985,
            1986,
            1987,
            1988,
            1989,
            1990,
            1991,
            1992,
            1993,
            1994,
            1995,
            1996,
            1997,
            1998,
            1999,
            2000,
            2001,
            2002,
            2003,
            2004,
            2005
          ],
          "Modeled": [
            12.7726,
            12.6004,
            12.4574,
            12.3384,
            12.2393,
            12.1565,
            12.0874,
            12.0296,
            11.9812,
            11.9406,
            11.0147,
            10.292,
            8.9465,
            7.6685,
            6.7364,
            6.0409,
            5.5121,
            5.1035,
            4.7835,
            4.53,
            4.3273,
            4.1639,
            4.0313,
            3.9231,
            3.8344,
            3.7613
          ],
          "Observed": [
            12.7726,
            16.4147,
            12.7773,
            12.2798,
            15.1152,
            12.8194,
            10.4631,
            9.7251,
            13.2014,
            16.4512,
            11.1393,
            18.0832,
            11.5223,
            8.51,
            9.1622,
            5.3353,
            8.6044,
            7.2781,
            2.629,
            4.6951,
            1.5948,
            5.2172,
            2.6041,
            3.3618,
            7.3289,
            4.4014
          ]
        }
      },